"country","method","citation"
"Australia","Fisheries","Jaiteh, V., Allen, S.J., Meeuwig, J.J. & Loneragan, N.R. (2014). Combining in-trawl video with observer coverage improves understanding of protected and vulnerable species by-catch in trawl fisheries. Marine and Freshwater Research 65, 830-837."
"United States Of America","Ecological research","Olin, JA., Poulakis, GR., Stevens, P., DeAngelo, JA. & Fisk, AT. (2014). Preservation effects on stable isotope values of archived elasmobranch fin tissue: comparisons between frozen and ethanol-stored samples. Transactions of the American Fisheries Society 143, 1569-1576."
"United States Of America","Ecological research","Carlson, JK., Gulak, SJB., Simpfendorfer, CA., Grubbs, RD., Romine, JG. & Burgess, GH. (2014). Movement patterns and habitat use of smalltooth sawfish, Pristis pectinata, determined using pop-up satellite archival tags. Aquatic Conservation - Marine and Freshwater Ecosystems 24, 104-117."
"Mexico","Historical ecology","Fernandez-Carvalho, J., Imhoff, JL., Faria, VV., Carlson, JK. & Burgess, GH. (2014). Status and potential for extinction of the largetooth sawfish Pristis pristis in the Atlantic Ocean. Aquatic Conservation - Marine and Freshwater Ecosystems 24, 478-497."
"Guatemala","Historical ecology","Fernandez-Carvalho, J., Imhoff, JL., Faria, VV., Carlson, JK. & Burgess, GH. (2014). Status and potential for extinction of the largetooth sawfish Pristis pristis in the Atlantic Ocean. Aquatic Conservation - Marine and Freshwater Ecosystems 24, 478-497."
"Nicaragua","Historical ecology","Fernandez-Carvalho, J., Imhoff, JL., Faria, VV., Carlson, JK. & Burgess, GH. (2014). Status and potential for extinction of the largetooth sawfish Pristis pristis in the Atlantic Ocean. Aquatic Conservation - Marine and Freshwater Ecosystems 24, 478-497."
"Costa Rica","Historical ecology","Fernandez-Carvalho, J., Imhoff, JL., Faria, VV., Carlson, JK. & Burgess, GH. (2014). Status and potential for extinction of the largetooth sawfish Pristis pristis in the Atlantic Ocean. Aquatic Conservation - Marine and Freshwater Ecosystems 24, 478-497."
"Caribbean","Historical ecology","Fernandez-Carvalho, J., Imhoff, JL., Faria, VV., Carlson, JK. & Burgess, GH. (2014). Status and potential for extinction of the largetooth sawfish Pristis pristis in the Atlantic Ocean. Aquatic Conservation - Marine and Freshwater Ecosystems 24, 478-497."
"Colombia","Historical ecology","Fernandez-Carvalho, J., Imhoff, JL., Faria, VV., Carlson, JK. & Burgess, GH. (2014). Status and potential for extinction of the largetooth sawfish Pristis pristis in the Atlantic Ocean. Aquatic Conservation - Marine and Freshwater Ecosystems 24, 478-497."
"Venezuela","Historical ecology","Fernandez-Carvalho, J., Imhoff, JL., Faria, VV., Carlson, JK. & Burgess, GH. (2014). Status and potential for extinction of the largetooth sawfish Pristis pristis in the Atlantic Ocean. Aquatic Conservation - Marine and Freshwater Ecosystems 24, 478-497."
"Trinidad","Historical ecology","Fernandez-Carvalho, J., Imhoff, JL., Faria, VV., Carlson, JK. & Burgess, GH. (2014). Status and potential for extinction of the largetooth sawfish Pristis pristis in the Atlantic Ocean. Aquatic Conservation - Marine and Freshwater Ecosystems 24, 478-497."
"Guyana","Historical ecology","Fernandez-Carvalho, J., Imhoff, JL., Faria, VV., Carlson, JK. & Burgess, GH. (2014). Status and potential for extinction of the largetooth sawfish Pristis pristis in the Atlantic Ocean. Aquatic Conservation - Marine and Freshwater Ecosystems 24, 478-497."
"Suriname","Historical ecology","Fernandez-Carvalho, J., Imhoff, JL., Faria, VV., Carlson, JK. & Burgess, GH. (2014). Status and potential for extinction of the largetooth sawfish Pristis pristis in the Atlantic Ocean. Aquatic Conservation - Marine and Freshwater Ecosystems 24, 478-497."
"French Guiana","Historical ecology","Fernandez-Carvalho, J., Imhoff, JL., Faria, VV., Carlson, JK. & Burgess, GH. (2014). Status and potential for extinction of the largetooth sawfish Pristis pristis in the Atlantic Ocean. Aquatic Conservation - Marine and Freshwater Ecosystems 24, 478-497."
"Brazil","Historical ecology","Fernandez-Carvalho, J., Imhoff, JL., Faria, VV., Carlson, JK. & Burgess, GH. (2014). Status and potential for extinction of the largetooth sawfish Pristis pristis in the Atlantic Ocean. Aquatic Conservation - Marine and Freshwater Ecosystems 24, 478-497."
"Mauritania","Historical ecology","Fernandez-Carvalho, J., Imhoff, JL., Faria, VV., Carlson, JK. & Burgess, GH. (2014). Status and potential for extinction of the largetooth sawfish Pristis pristis in the Atlantic Ocean. Aquatic Conservation - Marine and Freshwater Ecosystems 24, 478-497."
"Senegal","Historical ecology","Fernandez-Carvalho, J., Imhoff, JL., Faria, VV., Carlson, JK. & Burgess, GH. (2014). Status and potential for extinction of the largetooth sawfish Pristis pristis in the Atlantic Ocean. Aquatic Conservation - Marine and Freshwater Ecosystems 24, 478-497."
"Gambia","Historical ecology","Fernandez-Carvalho, J., Imhoff, JL., Faria, VV., Carlson, JK. & Burgess, GH. (2014). Status and potential for extinction of the largetooth sawfish Pristis pristis in the Atlantic Ocean. Aquatic Conservation - Marine and Freshwater Ecosystems 24, 478-497."
"Guinea-Bissau","Historical ecology","Fernandez-Carvalho, J., Imhoff, JL., Faria, VV., Carlson, JK. & Burgess, GH. (2014). Status and potential for extinction of the largetooth sawfish Pristis pristis in the Atlantic Ocean. Aquatic Conservation - Marine and Freshwater Ecosystems 24, 478-497."
"Guinea","Historical ecology","Fernandez-Carvalho, J., Imhoff, JL., Faria, VV., Carlson, JK. & Burgess, GH. (2014). Status and potential for extinction of the largetooth sawfish Pristis pristis in the Atlantic Ocean. Aquatic Conservation - Marine and Freshwater Ecosystems 24, 478-497."
"Sierra Leone","Historical ecology","Fernandez-Carvalho, J., Imhoff, JL., Faria, VV., Carlson, JK. & Burgess, GH. (2014). Status and potential for extinction of the largetooth sawfish Pristis pristis in the Atlantic Ocean. Aquatic Conservation - Marine and Freshwater Ecosystems 24, 478-497."
"Liberia","Historical ecology","Fernandez-Carvalho, J., Imhoff, JL., Faria, VV., Carlson, JK. & Burgess, GH. (2014). Status and potential for extinction of the largetooth sawfish Pristis pristis in the Atlantic Ocean. Aquatic Conservation - Marine and Freshwater Ecosystems 24, 478-497."
"Ivory Coast","Historical ecology","Fernandez-Carvalho, J., Imhoff, JL., Faria, VV., Carlson, JK. & Burgess, GH. (2014). Status and potential for extinction of the largetooth sawfish Pristis pristis in the Atlantic Ocean. Aquatic Conservation - Marine and Freshwater Ecosystems 24, 478-497."
"Congo","Historical ecology","Fernandez-Carvalho, J., Imhoff, JL., Faria, VV., Carlson, JK. & Burgess, GH. (2014). Status and potential for extinction of the largetooth sawfish Pristis pristis in the Atlantic Ocean. Aquatic Conservation - Marine and Freshwater Ecosystems 24, 478-497."
"Democratic Republic Of Congo","Historical ecology","Fernandez-Carvalho, J., Imhoff, JL., Faria, VV., Carlson, JK. & Burgess, GH. (2014). Status and potential for extinction of the largetooth sawfish Pristis pristis in the Atlantic Ocean. Aquatic Conservation - Marine and Freshwater Ecosystems 24, 478-497."
"Angola","Historical ecology","Fernandez-Carvalho, J., Imhoff, JL., Faria, VV., Carlson, JK. & Burgess, GH. (2014). Status and potential for extinction of the largetooth sawfish Pristis pristis in the Atlantic Ocean. Aquatic Conservation - Marine and Freshwater Ecosystems 24, 478-497."
"United States Of America","Historical ecology","Fernandez-Carvalho, J., Imhoff, JL., Faria, VV., Carlson, JK. & Burgess, GH. (2014). Status and potential for extinction of the largetooth sawfish Pristis pristis in the Atlantic Ocean. Aquatic Conservation - Marine and Freshwater Ecosystems 24, 478-497."
"United States Of America","Distribution mapping","Waters, JD., Coelho, R., Fernandez-Carvalho, J., Timmers, AA., Wiley, T., Seitz, JC., McDavitt, MT., Burgess, GH. & Poulakis, GR. (2014). Use of encounter data to model spatio-temporal distribution patterns of endangered smalltooth sawfish, Pristis pectinata, in the western Atlantic. Aquatic Conservation - Marine and Freshwater Ecosystems 24, 760-776."
"Australia","Taxonomy","Whitty, JM., Phillips, NM., Thorburn, DC., Simpfendorfer, CA., Field, I., Peverell, SC. & Morgan, DL. (2014). Utility of rostra in the identification of Australian sawfishes (Chondrichthyes: Pristidae). Aquatic Conservation - Marine and Freshwater Ecosystems 24, 791-804."
"Australia","Distribution mapping","Devitt, KR., Adams, VM. & Kyne, PM. (2015). Australia's protected area network fails to adequately protect the world's most threatened marine fishes. Global Ecology and Conservation 3, 401-411."
"United States Of America","Ecological research","Papastamatiou, YP., Grubbs, RD., Imhoff, JL., Gulak, SJB., Carlson, JK. & Burgess, GH. (2015). A subtropical embayment serves as essential habitat for sub-adults and adults of the critically endangered smalltooth sawfish. Global Ecology and Conservation 3, 764-775."
"South Africa","Historical ecology","Everett, BI., Cliff, G., Dudley, SFJ., Wintner, SP. & van der Elst, RP. (2015). Do sawfish Pristis spp. represent South Africa's first local extirpation of marine elasmobranchs in the modern era? African Journal of Marine Science 37, 275-284."
"Mexico","Historical ecology","Mendoza-Carranza, M. & Espinoza-Tenorio, A. (2015). A historical record of sawfish in the souther Gulf of Mexico: Evidence of diversity loss using old photos. Fisheries 40, 54-55."
"United States Of America","Ecological research","Carlson, JK. & Simpfendorfer, CA. (2015). Recovery potential of smalltooth sawfish, Pristis pectinata, in the United States determined using population viability models. Aquatic Conservation - Marine and Freshwater Ecosystems 25, 187-200."
"Australia","Ecological research","Gleiss, AC., Potvin, J., Keleher, JJ., Whitty, JM., Morgan, DL. & Goldbogen, JA. (2015). Mechanical challenges to freshwater residency in sharks and rays. Journal of Experimental Biology 218, 1099-1110."
"Australia","Ecological research","Feutry, P., Kyne, PM., Grewer, PM., Chen, X. & Liu, M. (2015). Whole mitogenome of the Endangered dwarf sawfish Pristis clavata (Rajiformes: Pristidae). Mitochondrial DNA 26, 329-330."
"Australia","Ecological research","Morgan, DL., Allen, MG., Ebner, BC., Whitty, JM. & Beatty, SJ. (2015). Discovery of a pupping site and nursery for critically endangered green sawfish Pristis zijsron. Journal of Fish Biology 86, 1658-1663."
"Guinea-Bissau","Local ecological knowledge","Leeney, RH. & Poncelet, P. (2015). Using fishers' ecological knowledge to assess the status and culturl importance of sawfish in guinea-Bissau. Aquatic Conservation - Marine and Freshwater Ecosystems 25, 411-430."
"Brazil","Local ecological knowledge","Giglio, VJ., Luiz, OJ. & Gerhardinger, LC. (2015). Depletion of marine megafauna and shifting baselines among artisanal fishers in eastern Brazil. Animal Conservation 18, 348-358."
"Australia","Ecological research","Feautry, P., Kyne, PM., Pillans, RD., Chen, X., Marthick, JR., Morgan, DL. & Grewer, PM. (2015). Whole mitogenome sequencing regines population structure of the Critically Endangered sawfish Pristis pristis. Marine Ecological Progress Series 533, 237-244."
"Iran","Historical ecology","Moore, ABM. (2015). A review of sawfishes (Pristidae) in the Arabian region: Diversity, distribution, and functional extinction of large and historically abundant marine vertebrates. Aquatic Conservation - Marine and Freshwater Ecosystems 25, 656-677."
"Pakistan","Historical ecology","Moore, ABM. (2015). A review of sawfishes (Pristidae) in the Arabian region: Diversity, distribution, and functional extinction of large and historically abundant marine vertebrates. Aquatic Conservation - Marine and Freshwater Ecosystems 25, 656-677."
"Oman","Historical ecology","Moore, ABM. (2015). A review of sawfishes (Pristidae) in the Arabian region: Diversity, distribution, and functional extinction of large and historically abundant marine vertebrates. Aquatic Conservation - Marine and Freshwater Ecosystems 25, 656-677."
"United Arab Emerites","Historical ecology","Moore, ABM. (2015). A review of sawfishes (Pristidae) in the Arabian region: Diversity, distribution, and functional extinction of large and historically abundant marine vertebrates. Aquatic Conservation - Marine and Freshwater Ecosystems 25, 656-677."
"Kuwait","Historical ecology","Moore, ABM. (2015). A review of sawfishes (Pristidae) in the Arabian region: Diversity, distribution, and functional extinction of large and historically abundant marine vertebrates. Aquatic Conservation - Marine and Freshwater Ecosystems 25, 656-677."
"Qatar","Historical ecology","Moore, ABM. (2015). A review of sawfishes (Pristidae) in the Arabian region: Diversity, distribution, and functional extinction of large and historically abundant marine vertebrates. Aquatic Conservation - Marine and Freshwater Ecosystems 25, 656-677."
"Bahrain","Historical ecology","Moore, ABM. (2015). A review of sawfishes (Pristidae) in the Arabian region: Diversity, distribution, and functional extinction of large and historically abundant marine vertebrates. Aquatic Conservation - Marine and Freshwater Ecosystems 25, 656-677."
"Yemen","Historical ecology","Moore, ABM. (2015). A review of sawfishes (Pristidae) in the Arabian region: Diversity, distribution, and functional extinction of large and historically abundant marine vertebrates. Aquatic Conservation - Marine and Freshwater Ecosystems 25, 656-677."
"Iraq","Historical ecology","Moore, ABM. (2015). A review of sawfishes (Pristidae) in the Arabian region: Diversity, distribution, and functional extinction of large and historically abundant marine vertebrates. Aquatic Conservation - Marine and Freshwater Ecosystems 25, 656-677."
"Saudi Arabia","Historical ecology","Moore, ABM. (2015). A review of sawfishes (Pristidae) in the Arabian region: Diversity, distribution, and functional extinction of large and historically abundant marine vertebrates. Aquatic Conservation - Marine and Freshwater Ecosystems 25, 656-677."
"Sudan","Historical ecology","Moore, ABM. (2015). A review of sawfishes (Pristidae) in the Arabian region: Diversity, distribution, and functional extinction of large and historically abundant marine vertebrates. Aquatic Conservation - Marine and Freshwater Ecosystems 25, 656-677."
"Djibouti","Historical ecology","Moore, ABM. (2015). A review of sawfishes (Pristidae) in the Arabian region: Diversity, distribution, and functional extinction of large and historically abundant marine vertebrates. Aquatic Conservation - Marine and Freshwater Ecosystems 25, 656-677."
"Somalia","Historical ecology","Moore, ABM. (2015). A review of sawfishes (Pristidae) in the Arabian region: Diversity, distribution, and functional extinction of large and historically abundant marine vertebrates. Aquatic Conservation - Marine and Freshwater Ecosystems 25, 656-677."
"Egypt","Historical ecology","Moore, ABM. (2015). A review of sawfishes (Pristidae) in the Arabian region: Diversity, distribution, and functional extinction of large and historically abundant marine vertebrates. Aquatic Conservation - Marine and Freshwater Ecosystems 25, 656-677."
"Bahamas","Ecological research","Guttridge, TL., Gulak, SJB., Franks, BR., Carlson, JK., Gruber, SH., Gledhill, KS., Bond, ME., Johnson, G. & Grubbs, RD. (2015). Occurrence and habitat use of the critically endangered smalltooth safish Pristis pectinata in the Bahamas. Journal of Fish Biology 87, 1322-1341."
"Bangladesh","Local ecological knowledge","Hossain, MA., Thompson, BS., Chowdhury, GW., Mohsanin, S., Fahad, ZH., Koldewey, HJ. & Islam, MA. (2015). Sawfish exploitation and status in Bangladesh. Aquatic Conservation - Marine and Freshwater Ecosystems 25, 781-799."
"Brazil","Local ecological knowledge","Reis, JA., Freitas, RHA., Loiola, M., Leite, L., Soerio, G., Oliveira, HHQ., Sampaio, CLS., Nunes, JDACC & Leduc, AOHC. (2016). Traditional fisher perceptions on the regional disappearance of the largetooth sawfish Pristis pristis from the central coast of Brazil. Endangered Species Research 29, 189-200."
"United States Of America","Ecological research","Chen, X., Wiley, T., Kyne, PM. & Feutry, P. (2016). Complete mitochondrial genome of the Critically Endangered smalltooth sawfish Pristis pectinata (Rajiformes: Pristidae). Mitochondrial DNA Part A 27, 3331-3332."
"Australia","Distribution mapping","Simpfendorfer, CA., Kyne, PM., Noble, TH., Goldsbury, J., Basiita, RK., Lindsay, R., Shields, A., Perry, C. & Jerry, DR. (2016). Environmental DNA detects Critically Endangered largetooth sawfish in the wild. Endangered Species Research 30, 109-116."
"United States Of America","Ecological research","Poulakis, GR., Stevens, PW., Timmers, AA., Stafford, CJ., Chapmann, DD., Feldheim, KA., Heupel, MR. & Curtis, C. (2016). Long-term site fidelity of endangered smalltooth sawfish (Pristis pectinaa) from different mothers. Fishery Bulletin 114, 461-475."
"Australia","Ecological research","Chen, X., Kyne, PM., Pillans, RD. & Feutry, P. (2016). Complete mitochondrial genome of the Endangered narrow sawfish Anoxypristis cuspidata (Rajiforms: Pristidae). Mitochondrial DNA Part A 27, 4172-4173."
"Australia","Ecological research","Morgan, DL., Wueringer, BE., Allen, MG., Ebner, BC., Whitty, JM., Gleiss, AC. & Beatty, SJ. (2016). What is the fate of amputee sawfish? Fisheries 41, 71-73."
"United States Of America","Taxonomy","Martinez, CM., Rohlf, FJ. & Frisk, MG. (2016). Re-evaluation of batoid pectoral morphology reveals novel patterns of diversity among major lineages. Journal of Morphology 277, 482-493."
"Gambia","Local ecological knowledge","Leeney, RH. & Downing, N. (2016). Sawfishes in The Gambia and Senegal: Shifting baselines over 40 years. Aquatic Conservation - Marine and Freshwater Ecosystems 26, 265-278."
"Senegal","Local ecological knowledge","Leeney, RH. & Downing, N. (2016). Sawfishes in The Gambia and Senegal: Shifting baselines over 40 years. Aquatic Conservation - Marine and Freshwater Ecosystems 26, 265-278."
"Liberia","Local ecological knowledge","Leeney, RH. (2016). Fishers' ecological knowledge of sawfishes in Lake Piso, Liberia. Aquatic Conservation - Marine and Freshwater Ecosystems 26, 381-385."
"United States Of America","Ecological research","Hollensead, LD., Grubbs, RD., Carlson, JK. & Bethea, DM. (2016). Analysis of fine-scale daily movement patterns of juvenile Pristis pectinata within a nursey habitat. Aquatic Conservation - Marine and Freshwater Systems 26, 492-505."
"Brazil","Ecological research","Nunes, JLS., Rincon, G., Piorski, NM. & Martins, APB. (2016). Near-term embryos in a Pristis pristis (Elasmobranchii: Pristidae) from Brazil. Journal of Fish Biology 89, 1112-1120."
"Italy","Historical ecology","Ferretti, F., Verd, GM., Seret, B., Sprem, JS & Micheli, F. (2016). Falling through the cracks: The fading history of a large iconic predator. Fish and Fisheries 17, 875-889."
"France","Historical ecology","Ferretti, F., Verd, GM., Seret, B., Sprem, JS & Micheli, F. (2016). Falling through the cracks: The fading history of a large iconic predator. Fish and Fisheries 17, 875-889."
"Malta","Historical ecology","Ferretti, F., Verd, GM., Seret, B., Sprem, JS & Micheli, F. (2016). Falling through the cracks: The fading history of a large iconic predator. Fish and Fisheries 17, 875-889."
"Spain","Historical ecology","Ferretti, F., Verd, GM., Seret, B., Sprem, JS & Micheli, F. (2016). Falling through the cracks: The fading history of a large iconic predator. Fish and Fisheries 17, 875-889."
"Turkey","Historical ecology","Ferretti, F., Verd, GM., Seret, B., Sprem, JS & Micheli, F. (2016). Falling through the cracks: The fading history of a large iconic predator. Fish and Fisheries 17, 875-889."
"Croatia","Historical ecology","Ferretti, F., Verd, GM., Seret, B., Sprem, JS & Micheli, F. (2016). Falling through the cracks: The fading history of a large iconic predator. Fish and Fisheries 17, 875-889."
"Syria","Historical ecology","Ferretti, F., Verd, GM., Seret, B., Sprem, JS & Micheli, F. (2016). Falling through the cracks: The fading history of a large iconic predator. Fish and Fisheries 17, 875-889."
"Israel","Historical ecology","Ferretti, F., Verd, GM., Seret, B., Sprem, JS & Micheli, F. (2016). Falling through the cracks: The fading history of a large iconic predator. Fish and Fisheries 17, 875-889."
"Algeria","Historical ecology","Ferretti, F., Verd, GM., Seret, B., Sprem, JS & Micheli, F. (2016). Falling through the cracks: The fading history of a large iconic predator. Fish and Fisheries 17, 875-889."
"United Arab Emerites","Local ecological knowledge","Jabado, RW., Al Baharna, RA., Al Ali, SR., Al Suwaidi, KO., Al Blooshi, AY & Al Dhaheri, SS. (2017). Is tis the last stand of the Critically Endangered green sawfish Pristis zijsron in the Arabian Gulf? Endangered Species Research 32, 265-275."
"Papua New Guinea","Distribution mapping","White, WT., Appleyard, SA., Kyne, PM & Mana, RR. (2017). Sawfishes in Papua New Guinea: A preliminary investigation into their status and level of exploitation. Endangered Species Research 32, 277-291."
"Australia","Ecological research","Phillips, NM., Chaplin, JA., Peverell, SC. & Morgan, DL. (2017). Contrasting population structures of three Pristis sawfishes with different patterns of habitat use. Marine and Freshwater Research 68, 452-460."
"Australia","Ecological research","Phillips, NM., Chaplin, JA., Peverell, SC. & Morgan, DL. (2017). Contrasting population structures of three Pristis sawfishes with different patterns of habitat use. Marine and Freshwater Research 68, 452-460."
"Australia","Ecological research","Phillips, NM., Chaplin, JA., Peverell, SC. & Morgan, DL. (2017). Contrasting population structures of three Pristis sawfishes with different patterns of habitat use. Marine and Freshwater Research 68, 452-460."
"Australia","Fisheries","Wakefield, CB., Santana-Garcon, J., Dorman, SR., Blight, S., Denham, A., Wakeford, J., Molony, BW. & Newman, SJ. (2017). Performance of bycatch reduction devices varies for chondrichthyan, reptile, and cetacean mitigation in demersal fish trawls: Assimilating subsurface interactions and unaccounted mortality. ICES Journal of Marine Science 74, 343-358."
"Australia","Ecological research","Phillips, NM., Fearing, A. & Morgan, DL. (2017). Genetic bottlenecks in Pristis sawfishes in northern Australian waters. Endangered Species Research 32, 363-372."
"Australia","Ecological research","Phillips, NM., Fearing, A. & Morgan, DL. (2017). Genetic bottlenecks in Pristis sawfishes in northern Australian waters. Endangered Species Research 32, 363-372."
"Australia","Ecological research","Phillips, NM., Fearing, A. & Morgan, DL. (2017). Genetic bottlenecks in Pristis sawfishes in northern Australian waters. Endangered Species Research 32, 363-372."
"Brazil","Distribution mapping","Schmid, K. & Giarrizzo, T. (2017). New record of a largetooth sawfish specimen from the Amazon River Estuary in Northern Brazil. Fisheries 42, 254-255."
"Mexico","Local ecological knowledge","Bonfil, R., Mendoza-Vargas, OU., Ricano-Soriano, M., Palacios-Barreto, PY. & Bolano-Martinez, N. (2017). Former widespread abundance and recent downfall of sawfishes in Mexico as evidenced by historical photographic and trophy records. Fisheries 42, 256-259."
"Mexico","Local ecological knowledge","Bonfil, R., Mendoza-Vargas, OU., Ricano-Soriano, M., Palacios-Barreto, PY. & Bolano-Martinez, N. (2017). Former widespread abundance and recent downfall of sawfishes in Mexico as evidenced by historical photographic and trophy records. Fisheries 42, 256-259."
"United States Of America","Ecological research","Poulakis, GR., Urakawa, H., Stevens, PW., DeAngelo, JA., Timmers, AA., Grubbs, RD., Fisk, AT. & Olin, JA. (2017). Sympatric elasmobranch and fecal samples provide insight into the trophic ecology of the smalltooth sawfish. Endangered Species Research 32, 491-506."
"United States Of America","Taxonomy","Seitz, JA. & Hoover, JJ. (2017). Taxonomic resolution of sawfish rostra from two private collections. Endangered Species Research 32, 525-532."
"Australia","Ecological research","Whitty, JM., Keleher, J., Ebner, BC., Gleiss, AC., Simpfendorfer, CA. & Morgan, DL. (2017). Habitat use of a Critically Endangered elasmobranch, the largetooth sawfish Pristis pristis, in an intermittently flowing rivering nursery. Endangered Species Research 34, 211-227."
"Brazil","Distribution mapping","Feitosa, LM., Martins, APB. & Nunes, JLS. (2017). Sawfish (Pristidae) records along the Eastern Amazong coast. Endangered Species Research 34, 229-234."
"Australia","Ecological research","Morgan, DL., Ebner, BC., Allen, MG., Gleiss, AC., Beatty, SJ. & Whitty, JM. (2017). Habitat use and site fidelity of neonate and juvenile green sawfish Pristis zijsron in a nursery area in Western Australia. Endangered Species Research 34, 235-249."
"Australia","Fisheries","Wueringer, BE. (2017). Sawfish captures in the Queensland Shark Control Program, 1962-2016. Endangered Species Research 34, 293-300."
"United States Of America","Ecological research","Huston, CA., Stevens, PW., Blaxton, RM., Tolley, G., Scharer, Rm., Tornwall, BM. & Poulakis, GR. (2017). Diel movements of juvenile smalltooth sawfish: implications for defining the size of a nursery hotspot. Endangered Species Research 34, 311-322."
"United States Of America","Ecological research","Feldheim, KA., Fields, AT., Chapman, DD., Scharer, RM & Poulakis, GR. (2017). Insights into reproduction and behavior of the smalltooth sawfish Pristis pectinata. Endangered Species Research 34, 463-471."
"United States Of America","Ecological research","Scharer, RM., Stevens, PW., Shea, CP. & Poulakis, GR. (2017). All nurseries are not created equal: Large-scale habitat use patterns in two smalltooth sawfish nurseries. Endangered Species Research 34, 473-492."
"Australia","Ecological research","Gleiss, AC., Morgan, Dl., Whitty, JM., Keleher, JJ., Fossette, S. & Hays, GC. (2017). Are vertical migrations driven by circadian behaviour? Decoupling of activity and depth use in a large riverine elasmobranch, the freshwater sawfish (Pristis pristis). Hydrobiologia 787, 181-191."
"Mozambique","Local ecological knowledge","Leeney, Rh. (2017). Are sawfishes still present in Mozambique? A baseline ecological study. PeerJ 5, e2950."
"Australia","Ecological research","Bradney, DR., Davidson, A., Evans, SP., Wueringer, BE., Morgan, DL. & Clausen, PD. (2017). Sawfishes stealth revealed using computational fluid dynamics. Journal of Fish Biology 90, 1584-1596."
"Australia","Ecological research","Morgan, DL., Somaweera, R., Gleiss, AC., Beatty, SJ. & Whitty, JM. (2017). An upstream migration fought with danger: Freshwater sawfish fending off sharks and crocodiles. Ecology 98, 1465-1467."
"Australia","Ecological research","Nevatte, RJ., Wueringer, BE., Jacob, DE., Park, JM. & Williamson, JE. (2017). First insights into the function of the sawshark rostrum through examination of rostral tooth microwear. Journal of Fish Biology 91, 1582-1602."
"United States Of America","Taxonomy","Kritsky, DC., Bullard, SA., Bakenhaster, MD., Scharer, RM. & Poulakis, GR. (2017). Resurrection of Mecteronastes (Monogenoidea: Monocotylidae), with description of Mycteronastes caalusi N. sp from olfactory sacs of the smalltooth sawfish, Pristis pectinata (Pristiformes: Pristidae), in the Gulf of Mexico off Florida. Journal of Parasitology 103, 477-485."
"Papua New Guinea","Local ecological knowledge","Leeney, RH., Mana, RR. & Dulvy, NK. (2018). Fishers' ecological knowledge of sawfishes in Sepik and Ramu rivers, northern Papua New Guinea. Endangered Species Research 36, 15-26."
"Sudan","Fisheries","Elhassan, IS. (2018). Occurrence of the green sawfish Pristis zijsron in the Sudanese Red Sea with observations on reproduction. Endangered Species Research 36, 41-47."
"United States Of America","Ecological research","Prohaska, BK., Bethea, DM., Poulakis, GR., Scharer, RM., Knotek, R., Carlson, JK & Grubbs, RD. (2018). Physiological stress in the smalltooth sawfish: Effects on ontogeny, capture method, and habitat quality. Endangered Species Research 36, 121-135."
"Australia","Ecological research","Kyne, PM., Wang, JJ., Xiang, D., Chen, X & Feutry, P. (2018). The phylogenomic position of the Critically Endangered largetooth sawfish Pristis pristis (Rhinopristiformes, Pristidae), inferred from the complete mitochondrial genome. Mitochondrial DNA Part B-Resources 3, 972-973."
"Mexico","Local ecological knowledge","Bonfil, R., Ricano-Soriano, M., Mendoza-Vargas, OU., Mendez-Loeza, I., Perez-Jimenez, JC., Bolano-Martinez, N & Palacios-Barreto, P. (2018). Endangered Species Research 36, 213-228."
"Mexico","Local ecological knowledge","Bonfil, R., Ricano-Soriano, M., Mendoza-Vargas, OU., Mendez-Loeza, I., Perez-Jimenez, JC., Bolano-Martinez, N & Palacios-Barreto, P. (2018). Endangered Species Research 36, 213-228."
"Australia","Ecological research","Green, ME., D-Anastasi, BR., Hobbs, JPA., Feldheim, K., McAuley, R., Peverell, S., Stapley, J., Johnson, G., Appleyard, SA., White, WT., Simpfendorfer, CA. & van Herwerden, L. (2018). Mixed-marker approach suggests maternal philopatry and sex-biased behaviours of narrow sawfish Anoxypristis cuspidata. Endangered Species Research 37, 45-54."
"Australia","Ecological research","Green, ME., D-Anastasi, BR., Hobbs, JPA., Feldheim, K., McAuley, R., Peverell, S., Stapley, J., Johnson, G., Appleyard, SA., White, WT., Simpfendorfer, CA. & van Herwerden, L. (2018). Mixed-marker approach suggests maternal philopatry and sex-biased behaviours of narrow sawfish Anoxypristis cuspidata. Endangered Species Research 37, 45-54."
"Australia","Ecological research","Green, ME., D-Anastasi, BR., Hobbs, JPA., Feldheim, K., McAuley, R., Peverell, S., Stapley, J., Johnson, G., Appleyard, SA., White, WT., Simpfendorfer, CA. & van Herwerden, L. (2018). Mixed-marker approach suggests maternal philopatry and sex-biased behaviours of narrow sawfish Anoxypristis cuspidata. Endangered Species Research 37, 45-54."
"Papua New Guinea","Ecological research","Green, ME., D-Anastasi, BR., Hobbs, JPA., Feldheim, K., McAuley, R., Peverell, S., Stapley, J., Johnson, G., Appleyard, SA., White, WT., Simpfendorfer, CA. & van Herwerden, L. (2018). Mixed-marker approach suggests maternal philopatry and sex-biased behaviours of narrow sawfish Anoxypristis cuspidata. Endangered Species Research 37, 45-54."
"United States Of America","Ecological research","Bakenhaster, MD., Bullard, SA., Curran, SS., Kritsky, DC., Leone, EH., Partridge, LK., Ruiz, CF., Scharer, RM. & Poulakis, GR. (2018). Parasite component community of smalltooth sawfish off Florida: Diversity, conservation concerns, and research applications. Endangered Species Research 35, 47-58."
"United States Of America","Ecological research","Hollensead, LD., Grubbs, RD., Carlson, JK & Bethea, DM. (2018). Assessing residency time and habitat use of juvenile smalltooth sawfish using acoustic monitoring in a nursery habitat. Endangered Species Research 37, 119-131."
"Italy","Historical ecology","Mojetta, AR., Travaglini, A., Scacco, U. & Bottaro, M. (2018). Where sharks met humans: The Mediterranean Sea, history and myth of an ancient interaction between two dominant predators. Regional Studies in Marine Science 21, 30-38."
"Mexico","Ecological research","Diaz-Jaimes, P., Bonfil, R., Palacios-Barreto, P., Bolano-Martinez, N. & Bayona-Vasquez, NJ. (2018). Mitochondrial genome of the critically endangered smalltooth sawfish Pristis pectinata fro Veracruz, Mexico. Conservation Genetics Resources 10, 663-666."
"Uruguay","Distribution mapping","Cuevas, Jm., Garcia, M., Hozbor, N., Faria, VV. & Paesch, L. (2019). Tracing the occurrence of the Critically Endangered smalltooth sawfish Pristis pectinata at its southernmost distribution in the Southwest Atlantic Ocean. Endangered Species Research 38, 1-9."
"Argentina","Distribution mapping","Cuevas, Jm., Garcia, M., Hozbor, N., Faria, VV. & Paesch, L. (2019). Tracing the occurrence of the Critically Endangered smalltooth sawfish Pristis pectinata at its southernmost distribution in the Southwest Atlantic Ocean. Endangered Species Research 38, 1-9."
"Senegal","Ecological research","Downing, N. & Leeney, RH. (2019). Smalltooth sawfish (Pristis pectinata Latham, 1794) in the Casamance River, Senegal: A historical perspective. Aquatic Conservation - Marine and Freshwater Ecosystems 29, 72-84."
"Bangladesh","Fisheries","Haque, AB. & Das, SA. (2019). First confirmed record of the Critically Endangered green sawfish Pristis zijsron from Bangladeshi waters. Journal of Fish Biology 94, 200-203."
"Angola","Local ecological knowledge","Expert-generated from sawfish network"
"Costa Rica","Distribution mapping","Expert-generated from sawfish network"
"India","Local ecological knowledge","Expert-generated from sawfish network"
"Iran","Local ecological knowledge","Expert-generated from sawfish network"
"Madagascar","Local ecological knowledge","Expert-generated from sawfish network"
"Pakistan","Local ecological knowledge","Expert-generated from sawfish network"
"Saudi Arabia","Local ecological knowledge","Expert-generated from sawfish network"
"Senegal","Local ecological knowledge","Expert-generated from sawfish network"
"Sri Lanka","Local ecological knowledge","Expert-generated from sawfish network"
"Tanzania","Local ecological knowledge","Expert-generated from sawfish network"
"Costa Rica","Local ecological knowledge","Valerio-Vargas, J.A. & Espinoza, M. (2019). A beacon of hope: Distribution and current status of the largetooth sawfish in Costa Rica."
"Gabon","Local ecological knowledge","Expert-generated from sawfish network"
"Indonesia","Local ecological knowledge","Expert-generated from sawfish network"
"Papua New Guinea","Distribution mapping","Expert-generated from sawfish network"
"Papua New Guinea","Fisheries","Expert-generated from sawfish network"
"Malaysia","Ecological research","Manjaji-Matsumoto, B.M., Kyne, P.M., Yee, J.C., and Dickson, A.F. 2016. Tagging and Monitoring of Coastal Marine and Freshwater Elasmobranch Population in Sabah. WWF Malaysia Project Report (Shark Protection – Marine Programme; Project Number MA010311-000-GENF/ UMS Project Code GL00138). 50 p."
"Sierra Leone","Local ecological knowledge","Expert-generated from sawfish network"
"Peru","Local ecological knowledge","Expert-generated from sawfish network"
"Ecuador","Local ecological knowledge","Expert-generated from sawfish network"
"Peru","Fisheries","Mendoza, Alejandra, et al. ""The Largetooth Sawfish, Pristis pristis (Linnaeus, 1758), is not extirpated from Peru: new records from Tumbes."" Check List 13 (2017): 261."
"United States Of America","Ecological research","Expert-generated from sawfish network"
"Bangladesh","Fisheries","Expert-generated from sawfish network"
"Ecuador","Local ecological knowledge","Expert-generated from sawfish network"
"Ghana","Local ecological knowledge","Expert-generated from sawfish network"
"Philippines","Local ecological knowledge","Expert-generated from sawfish network"
"Mauritania","Local ecological knowledge","Expert-generated from sawfish network"
"Senegal","Local ecological knowledge","Expert-generated from sawfish network"
"The Gambia","Local ecological knowledge","Expert-generated from sawfish network"
"Guinea-Bissau","Local ecological knowledge","Expert-generated from sawfish network"
"Guinea","Local ecological knowledge","Expert-generated from sawfish network"
"Sierra Leone","Local ecological knowledge","Expert-generated from sawfish network"
